<?xml version="1.0" encoding="UTF-8" ?>
<!-- This is a WordPress eXtended RSS file generated by WordPress as an export of your site. -->
<!-- It contains information about your site's posts, pages, comments, categories, and other content. -->
<!-- You may use this file to transfer that content from one site to another. -->
<!-- This file is not intended to serve as a complete backup of your site. -->

<!-- To import this information into a WordPress site follow these steps: -->
<!-- 1. Log in to that site as an administrator. -->
<!-- 2. Go to Tools: Import in the WordPress admin panel. -->
<!-- 3. Install the "WordPress" importer from the list. -->
<!-- 4. Activate & Run Importer. -->
<!-- 5. Upload this file using the form provided on that page. -->
<!-- 6. You will first be asked to map the authors in this export file to users -->
<!--    on the site. For each author, you may choose to map to an -->
<!--    existing user on the site or to create a new user. -->
<!-- 7. WordPress will then import each of the posts, pages, comments, categories, etc. -->
<!--    contained in this file into your site. -->

<!-- generator="WordPress/3.5.1" created="2013-05-14 08:06" -->
<rss version="2.0"
	xmlns:excerpt="http://wordpress.org/export/1.2/excerpt/"
	xmlns:content="http://purl.org/rss/1.0/modules/content/"
	xmlns:wfw="http://wellformedweb.org/CommentAPI/"
	xmlns:dc="http://purl.org/dc/elements/1.1/"
	xmlns:wp="http://wordpress.org/export/1.2/"
>

<channel>
	<title>wordpress</title>
	<link>http://wordpress.lo</link>
	<description>Eine weitere WordPress-Seite</description>
	<pubDate>Tue, 14 May 2013 08:06:07 +0000</pubDate>
	<language>de-DE</language>
	<wp:wxr_version>1.2</wp:wxr_version>
	<wp:base_site_url>http://wordpress.lo</wp:base_site_url>
	<wp:base_blog_url>http://wordpress.lo</wp:base_blog_url>

	<wp:author><wp:author_id>1</wp:author_id><wp:author_login>admin</wp:author_login><wp:author_email>wordpress@gassi.tv</wp:author_email><wp:author_display_name><![CDATA[admin]]></wp:author_display_name><wp:author_first_name><![CDATA[]]></wp:author_first_name><wp:author_last_name><![CDATA[]]></wp:author_last_name></wp:author>


	<generator>http://wordpress.org/?v=3.5.1</generator>

	<item>
		<title>main 1</title>
		<link>http://wordpress.lo/162575-2</link>
		<pubDate>Tue, 14 May 2013 07:40:32 +0000</pubDate>
		<dc:creator>admin</dc:creator>
		<guid isPermaLink="false">http://wordpress.lo/?page_id=162575</guid>
		<description></description>
		<content:encoded><![CDATA[q sfsafasdf adsfas fas fasf sfas fasd f]]></content:encoded>
		<excerpt:encoded><![CDATA[]]></excerpt:encoded>
		<wp:post_id>162575</wp:post_id>
		<wp:post_date>2013-05-14 09:40:32</wp:post_date>
		<wp:post_date_gmt>2013-05-14 07:40:32</wp:post_date_gmt>
		<wp:comment_status>open</wp:comment_status>
		<wp:ping_status>open</wp:ping_status>
		<wp:post_name>162575-2</wp:post_name>
		<wp:status>publish</wp:status>
		<wp:post_parent>0</wp:post_parent>
		<wp:menu_order>0</wp:menu_order>
		<wp:post_type>page</wp:post_type>
		<wp:post_password></wp:post_password>
		<wp:is_sticky>0</wp:is_sticky>
		<wp:postmeta>
			<wp:meta_key>_edit_last</wp:meta_key>
			<wp:meta_value><![CDATA[1]]></wp:meta_value>
		</wp:postmeta>
		<wp:postmeta>
			<wp:meta_key>_wp_page_template</wp:meta_key>
			<wp:meta_value><![CDATA[default]]></wp:meta_value>
		</wp:postmeta>
	</item>
	<item>
		<title>main 2</title>
		<link>http://wordpress.lo/sf-sdfsf-as-fas</link>
		<pubDate>Tue, 14 May 2013 07:40:53 +0000</pubDate>
		<dc:creator>admin</dc:creator>
		<guid isPermaLink="false">http://wordpress.lo/?page_id=162577</guid>
		<description></description>
		<content:encoded><![CDATA[fasd fas fas fsdf as fsaf as f]]></content:encoded>
		<excerpt:encoded><![CDATA[]]></excerpt:encoded>
		<wp:post_id>162577</wp:post_id>
		<wp:post_date>2013-05-14 09:40:53</wp:post_date>
		<wp:post_date_gmt>2013-05-14 07:40:53</wp:post_date_gmt>
		<wp:comment_status>open</wp:comment_status>
		<wp:ping_status>open</wp:ping_status>
		<wp:post_name>sf-sdfsf-as-fas</wp:post_name>
		<wp:status>publish</wp:status>
		<wp:post_parent>0</wp:post_parent>
		<wp:menu_order>12</wp:menu_order>
		<wp:post_type>page</wp:post_type>
		<wp:post_password></wp:post_password>
		<wp:is_sticky>0</wp:is_sticky>
		<wp:postmeta>
			<wp:meta_key>_edit_last</wp:meta_key>
			<wp:meta_value><![CDATA[1]]></wp:meta_value>
		</wp:postmeta>
		<wp:postmeta>
			<wp:meta_key>_wp_page_template</wp:meta_key>
			<wp:meta_value><![CDATA[default]]></wp:meta_value>
		</wp:postmeta>
	</item>
	<item>
		<title>main 3</title>
		<link>http://wordpress.lo/3242-wq4r34-qs</link>
		<pubDate>Tue, 14 May 2013 07:41:09 +0000</pubDate>
		<dc:creator>admin</dc:creator>
		<guid isPermaLink="false">http://wordpress.lo/?page_id=162579</guid>
		<description></description>
		<content:encoded><![CDATA[1234r12 4]]></content:encoded>
		<excerpt:encoded><![CDATA[]]></excerpt:encoded>
		<wp:post_id>162579</wp:post_id>
		<wp:post_date>2013-05-14 09:41:09</wp:post_date>
		<wp:post_date_gmt>2013-05-14 07:41:09</wp:post_date_gmt>
		<wp:comment_status>open</wp:comment_status>
		<wp:ping_status>open</wp:ping_status>
		<wp:post_name>3242-wq4r34-qs</wp:post_name>
		<wp:status>publish</wp:status>
		<wp:post_parent>0</wp:post_parent>
		<wp:menu_order>23</wp:menu_order>
		<wp:post_type>page</wp:post_type>
		<wp:post_password></wp:post_password>
		<wp:is_sticky>0</wp:is_sticky>
		<wp:postmeta>
			<wp:meta_key>_edit_last</wp:meta_key>
			<wp:meta_value><![CDATA[1]]></wp:meta_value>
		</wp:postmeta>
		<wp:postmeta>
			<wp:meta_key>_wp_page_template</wp:meta_key>
			<wp:meta_value><![CDATA[default]]></wp:meta_value>
		</wp:postmeta>
	</item>
	<item>
		<title>page 2.1 </title>
		<link>http://wordpress.lo/sf-sdfsf-as-fas/page-2-1</link>
		<pubDate>Tue, 14 May 2013 07:44:36 +0000</pubDate>
		<dc:creator>admin</dc:creator>
		<guid isPermaLink="false">http://wordpress.lo/?page_id=162584</guid>
		<description></description>
		<content:encoded><![CDATA[s rsd d gsdgf]]></content:encoded>
		<excerpt:encoded><![CDATA[]]></excerpt:encoded>
		<wp:post_id>162584</wp:post_id>
		<wp:post_date>2013-05-14 09:44:36</wp:post_date>
		<wp:post_date_gmt>2013-05-14 07:44:36</wp:post_date_gmt>
		<wp:comment_status>open</wp:comment_status>
		<wp:ping_status>open</wp:ping_status>
		<wp:post_name>page-2-1</wp:post_name>
		<wp:status>publish</wp:status>
		<wp:post_parent>162577</wp:post_parent>
		<wp:menu_order>0</wp:menu_order>
		<wp:post_type>page</wp:post_type>
		<wp:post_password></wp:post_password>
		<wp:is_sticky>0</wp:is_sticky>
		<wp:postmeta>
			<wp:meta_key>_edit_last</wp:meta_key>
			<wp:meta_value><![CDATA[1]]></wp:meta_value>
		</wp:postmeta>
		<wp:postmeta>
			<wp:meta_key>_wp_page_template</wp:meta_key>
			<wp:meta_value><![CDATA[default]]></wp:meta_value>
		</wp:postmeta>
	</item>
	<item>
		<title>page 2.2</title>
		<link>http://wordpress.lo/sf-sdfsf-as-fas/page-2-2</link>
		<pubDate>Tue, 14 May 2013 07:45:01 +0000</pubDate>
		<dc:creator>admin</dc:creator>
		<guid isPermaLink="false">http://wordpress.lo/?page_id=162586</guid>
		<description></description>
		<content:encoded><![CDATA[weert qwrw wet ewt]]></content:encoded>
		<excerpt:encoded><![CDATA[]]></excerpt:encoded>
		<wp:post_id>162586</wp:post_id>
		<wp:post_date>2013-05-14 09:45:01</wp:post_date>
		<wp:post_date_gmt>2013-05-14 07:45:01</wp:post_date_gmt>
		<wp:comment_status>open</wp:comment_status>
		<wp:ping_status>open</wp:ping_status>
		<wp:post_name>page-2-2</wp:post_name>
		<wp:status>publish</wp:status>
		<wp:post_parent>162577</wp:post_parent>
		<wp:menu_order>44</wp:menu_order>
		<wp:post_type>page</wp:post_type>
		<wp:post_password></wp:post_password>
		<wp:is_sticky>0</wp:is_sticky>
		<wp:postmeta>
			<wp:meta_key>_edit_last</wp:meta_key>
			<wp:meta_value><![CDATA[1]]></wp:meta_value>
		</wp:postmeta>
		<wp:postmeta>
			<wp:meta_key>_wp_page_template</wp:meta_key>
			<wp:meta_value><![CDATA[default]]></wp:meta_value>
		</wp:postmeta>
	</item>
</channel>
</rss>
