<?xml version="1.0" encoding="UTF-8" ?>
<!-- This is a WordPress eXtended RSS file generated by WordPress as an export of your site. -->
<!-- It contains information about your site's posts, pages, comments, categories, and other content. -->
<!-- You may use this file to transfer that content from one site to another. -->
<!-- This file is not intended to serve as a complete backup of your site. -->

<!-- To import this information into a WordPress site follow these steps: -->
<!-- 1. Log in to that site as an administrator. -->
<!-- 2. Go to Tools: Import in the WordPress admin panel. -->
<!-- 3. Install the "WordPress" importer from the list. -->
<!-- 4. Activate & Run Importer. -->
<!-- 5. Upload this file using the form provided on that page. -->
<!-- 6. You will first be asked to map the authors in this export file to users -->
<!--    on the site. For each author, you may choose to map to an -->
<!--    existing user on the site or to create a new user. -->
<!-- 7. WordPress will then import each of the posts, pages, comments, categories, etc. -->
<!--    contained in this file into your site. -->

<!-- generator="WordPress/3.5.1" created="2013-05-09 15:09" -->
<rss version="2.0"
	xmlns:excerpt="http://wordpress.org/export/1.2/excerpt/"
	xmlns:content="http://purl.org/rss/1.0/modules/content/"
	xmlns:wfw="http://wellformedweb.org/CommentAPI/"
	xmlns:dc="http://purl.org/dc/elements/1.1/"
	xmlns:wp="http://wordpress.org/export/1.2/"
>

<channel>
	<title>wordpress</title>
	<link>http://wordpress.lo</link>
	<description>Eine weitere WordPress-Seite</description>
	<pubDate>Thu, 09 May 2013 15:09:08 +0000</pubDate>
	<language>de-DE</language>
	<wp:wxr_version>1.2</wp:wxr_version>
	<wp:base_site_url>http://wordpress.lo</wp:base_site_url>
	<wp:base_blog_url>http://wordpress.lo</wp:base_blog_url>

	<wp:author><wp:author_id>1</wp:author_id><wp:author_login>admin</wp:author_login><wp:author_email>wordpress@gassi.tv</wp:author_email><wp:author_display_name><![CDATA[admin]]></wp:author_display_name><wp:author_first_name><![CDATA[]]></wp:author_first_name><wp:author_last_name><![CDATA[]]></wp:author_last_name></wp:author>


	<generator>http://wordpress.org/?v=3.5.1</generator>

	<item>
		<title>Gesamtarbeitsverträge in der Schweiz: Erneute Zunahme seit Mitte der 1990er-Jahre</title>
		<link>http://wordpress.lo/blog/archive/2013/05/12/sks-lanciert-meldeportal-fur-kurzlebige-produkte.html</link>
		<pubDate>Sun, 12 May 2013 10:30:00 +0000</pubDate>
		<dc:creator>admin</dc:creator>
		<guid isPermaLink="false">http://wordpress.lo/blog/archive/2013/05/12/sks-lanciert-meldeportal-fur-kurzlebige-produkte.html</guid>
		<description></description>
		<content:encoded><![CDATA[

<div>

<p>
                Die Mindestlohn-Initiative ­fordert einen nationalen, gesetzlichen Mindestlohn ­sowie die Förderung von Gesamtarbeitsverträgen durch Bund und Kantone. Galt der Gesamtarbeitsvertrag in den 1990er-Jahren noch als Auslaufmodell, erlebte er mit der Einführung der Personenfreizügigkeit ein eigentliches Revival. Mit der Allgemein­verbindlicherklärung spielte der Staat dabei eine nicht unwesentliche Rolle.
            </p>


<!— more —>

<p>
                Am 18. Mai 2014 wird das Schweizer Stimmvolk über die Volksinitiative «Für den Schutz fairer Löhne (Mindestlohn-Initiative)» befinden. Die Initiative verlangt zweierlei: einerseits die Einführung eines nationalen gesetzlichen Mindestlohnes von 22 Franken pro Stunde;((Ein Beitrag mit dem Titel «Tieflöhne in der Schweiz – eine Situationsanalyse» in der Ausgabe 9-2013 dieser Zeitschrift setzte sich mit dem ersten Teil der Volks­initiative auseinander.)) andererseits sollen Bund und Kantone die Festlegung von orts-, berufs- und branchenüblichen Mindestlöhnen in Gesamtarbeitsverträgen (GAV) fördern. Während die Forderung nach einem staatlich verordneten Mindestlohn Anlass zu lebhaften Diskussionen gibt, erhielt der zweite Teil der Volksinitiative bisher weniger Aufmerksamkeit. Welche Bedeutung haben GAV heute, und welche Entwicklung fand in den letzten Jahren diesbezüglich statt? </p><p>
            </p><h2 class="article-subtitle">Vertrag versus Gesetz</h2><p>
                In der Schweiz werden die Löhne entweder individuell zwischen dem Arbeitnehmenden und dem Unternehmen vereinbart oder kollektiv von den Sozialpartnern für ganze Branchen oder einzelne Firmen ausgehandelt. Um die Arbeits- und Lohnbedingungen gemeinsam vertraglich festzuhalten, nutzen die Sozialpartner meist das Instrument des GAV. Im Gegensatz zu einer  Regelung ist ein GAV ein zwischen ­Arbeitgebern oder deren Verbänden und ­Arbeitnehmerverbänden abgeschlossener schriftlicher . Dieser gilt jeweils für eine bestimmte Laufzeit und wird danach meist neu verhandelt und angepasst.</p><p>Der Inhalt eines GAV ist grundsätzlich frei, darf jedoch nur zum Vorteil der Arbeitnehmerseite von zwingendem Recht ab­weichen. Die Schweizer GAV-Landschaft ist denn auch entsprechend vielfältig. Typischerweise enthalten GAV Bestimmungen zu Mindestlöhnen, Arbeitszeit, Ferien, Lohnentwicklung, Kündigungsfristen oder Weiterbildungen. ­Gewisse GAV regeln auch spezifische Leistungen wie den frühzeitigen Altersrücktritt. Die meisten GAV enthalten weiter Vorgaben, wie die Vertragsparteien bei GAV-Verletzungen miteinander umzugehen haben. Während der Laufzeit eines GAV besteht beidseitig eine sogenannte Friedenspflicht. Die Begriffe «Sozialpartnerschaft und GAV» werden denn auch oft mit der geringen Anzahl Streiks in der Schweiz in Verbindung gesetzt. Sozialpartnerschaftliche Vereinbarungen, festgehalten im Rahmen eines GAV, helfen mit, das potenziell konfliktträchtige Verhältnis zwischen Arbeitgebern und Arbeitnehmenden zu stabilisieren. Damit übernehmen GAV eine gewisse Ordnungsfunktion und entlasten indirekt den Staat. Der grosse Spielraum der Sozialpartner für die Gestaltung der Arbeitsbedingungen ermöglicht daher eine zurückhaltende Arbeitsgesetzgebung.</p><p>
            </p><h2 class="article-subtitle">Schweizweit bestehen rund 600 ­Gesamtarbeitsverträge</h2><p>
                Im Rahmen der Erhebung über die Gesamtarbeitsverträge in der Schweiz (EGS) untersucht das Bundesamt für Statistik (BFS) alle zwei Jahre Struktur und Inhalt der GAV. Diese Erhebung gibt einen ersten Hinweis zur Bedeutung der GAV in der Schweiz. Die letzte Untersuchung bezieht sich auf das Jahr 2012.((Siehe http://www.bfs.admin.ch, Arbeit und Erwerb, Organisation des Arbeitsmarktes, Gesamtarbeitsverträge.)) Laut BFS wurden in diesem Jahr die Arbeitsbedingungen von rund 1 742 100 Beschäftigten in 592 verschiedenen GAV geregelt.((Diese Zahlen beziehen sich auf GAV mit normativen ­Bestimmungen. Siehe dazu BFS (2012).)) Davon waren 88% einem GAV mit Mindestlohn unterstellt (siehe ). </p><p>Die Wirtschaftsbranchen mit den meisten GAV-Unterstellten sind das Gastgewerbe (220 000) und der Personalverleih (270 000). Weitere Branchen, in denen GAV eine quantitativ wichtige Rolle spielen, sind der Detailhandel sowie das Bauhaupt- und das Baunebengewerbe. In der Industrie ist die Bedeutung der GAV wegen der Höherqualifizierung der Belegschaft und der Abnahme des Produktionspersonals rückläufig; dennoch spielen GAV etwa in der Uhren- und Maschinenindustrie weiterhin eine wichtige Rolle. Von untergeordneter Bedeutung sind GAV in Dienstleistungsbranchen mit überdurchschnittlichem Qualifikationsniveau und ohne gewerkschaftliche Tradition. Dies ist der Fall in der Forschung und Entwicklung, der Informatik, der Unternehmensberatung oder den Versicherungen. Aber auch in der Freizeitindustrie, dem Grosshandel, der Landwirtschaft oder in den persönlichen Dienstleistungen werden die Arbeitsbedingungen weniger in GAV geregelt.</p><p>
            </p><h2 class="article-subtitle">Renaissance seit Mitte der 1990er-Jahre</h2><p>
                Seit Anfang der 1990er Jahre ist die Anzahl GAV tendenziell rückläufig. I wächst  die Anzahl der  Beschäftigten, deren Arbeits- und Lohnbedingungen im Rahmen eines GAV verbindlich festgehalten werden. Nach einem Rückgang zu Beginn der 1990er-Jahre nahm die Anzahl unterstellten Beschäftigten ab 1996 wieder langsam, aber stetig zu.((Mehr zur Entwicklung der GAV zu Beginn der 1990er-­Jahre siehe Oesch (2011).)) Ab 2001 stieg die Anzahl der GAV-Unterstellten sogar ­stärker als die unterstellbare Beschäftigung. ­Damit erhöhte sich der GAV-Abdeckungsrad von rund 41% im Jahr 2001 auf 49% im Jahr 2012.((Der GAV-Abdeckungsgrad bezeichnet den Anteil der einem GAV unterstellten Arbeitnehmenden am Total der theoretisch unterstellbaren Beschäftigten (ohne Kader, selbständig Erwerbstätige, mitarbeitende Betriebseigner und Familienmitglieder sowie öffentliche Angestellte). Details zur Berechnung siehe Seco (2013), S. 80.)) Auffallend stark zugenommen haben die allgemeinverbindlich erklärten GAV ­(siehe ). Ihre Anzahl verdoppelte sich zwischen 2001 (34) und 2012 (71). Während dieser Zeitspanne nahmen die einem allgemeinverbindlich erklärten GAV unterstellten Arbeitnehmenden um knapp 80% (von rund 349 600 auf 626 200 Personen) zu. </p><p>Gemäss  haben drei Elemente wesentlich zur «Renaissance» des GAV seit Mitte der 1990er-Jahre beigetragen.((Siehe Oesch (2012), S. 120.)) Erstens konnten die  (Industrie, Baugewerbe) Fuss fassen und damit – wenn auch verspätet – auf den strukturellen Wandel hin zur Dienstleistungsgesellschaft reagieren. Insbesondere die Unia konnten im Dienstleistungsbereich eine Reihe von neuen GAV unterzeichnen.((Beispiele sind die GAV im Verkauf auf kantonaler und kommunaler Ebene, bei den Tankstellenshops oder bei Wäschereien.)) Damit liess sich der Rückgang der Anzahl GAV-Unterstellten – induziert u.a. durch die krisen- und strukturell bedingten Beschäftigungsverluste in der Industrie und im Baugewerbe in den 1990er-Jahren – etwas wettgemachen.</p><p>Als weiteren Grund für die Zunahme erwähnt Oesch die  beim Bund und bei den meisten Kantonen. Dies führte dazu, dass die Arbeitsbedingungen im (halb-)öffentlichen Sektor vermehrt gemeinsam mit den Gewerkschaften im Rahmen eines GAV festgelegt wurden. Auf nationaler Ebene war dies bei den öffentlichen Infrastrukturbetrieben wie Post, SBB oder Swisscom der Fall. Auf kantonaler Ebene konnten auch im Sozial- und Gesundheitswesen erstmals vereinzelt GAV unterzeichnet werden (Spitäler, Altersheime).</p><p>
            </p><h2 class="article-subtitle">Öffnung des Arbeitsmarktes als ­wesentlicher Grund</h2><p>
                Ausschlaggebend für den Bedeutungsgewinn der GAV war jedoch die  im Jahr 2002. Die GAV – insbesondere die allgemeinverbindlichen – erhielten im Rahmen der flankierenden Massnahmen eine zentrale Rolle. Da die in allgemeinverbindlichen GAV enthaltenen Mindestlöhne gemäss Entsendegesetz auch von Entsendebetrieben eingehalten werden müssen, stärkte die Arbeitsmarktöffnung gegenüber der EU/Efta das gemeinsame Interesse von Arbeitgebern und Gewerkschaften, die Arbeitsbedingungen ihrer Branche in allgemeinverbindlichen GAV festzuhalten. Dies gilt insbesondere für bisher vor ausländischer Konkurrenz geschützten Branchen der Binnenwirtschaft, welche mit der Erleichterung des grenzüberschreitenden Dienstleistungsverkehrs neue Konkurrenz aus der EU/Efta erhielten.((Siehe dazu auch Oesch (2007), S. 348.)) In diesem Kontext stellte die Allgemeinverbindlicherklärung durch den Staat einen starken Anreiz dar, überhaupt einen GAV abzuschliessen. Für die GAV in der privaten Sicherheitsdienstleistungsbranche sowie in der Reinigungsbranche Deutschschweiz spielte die Möglichkeit der Allgemeinverbindlicherklärung eine wesentliche Rolle. </p><p>
            </p><h2 class="article-subtitle">Wo liegt die Schweiz im internationalen Vergleich?</h2><p>
                Zurück zur Mindestlohn-Initiative: Die Forderung nach einem staatlichen Mindestlohn wird unter anderem damit begründet, dass in der Schweiz 50% der Arbeitsverhältnisse keinem GAV unterstellt sind. Dabei wird meist auf die höheren Abdeckungsgrade im Ausland verwiesen. Internationale Vergleiche sind jedoch mit einiger Vorsicht zu interpretieren, da sich einerseits aus dem GAV-Abdeckungsgrad keine Rückschlüsse auf Inhalt, Verbindlichkeit und Aktualität der Vereinbarungen ziehen lassen. Andererseits können länderspezifische institutionelle Rahmenbedingungen die Höhe des Abdeckungsgrades wesentlich beeinflussen.</p><p>Die Schweiz positioniert sich im OECD-Vergleich mit rund 50% im hinteren Mittelfeld.((OECD (2012), S.136.)) In Ländern mit hohem gewerkschaftlichen Organisationsgrad ist der Druck auf die Arbeitgeber höher, einen GAV abzuschliessen. Daher liegt in diesen Ländern – Schweden, Finnland, Dänemark, Belgien – auch der GAV-Abdeckungsgrad tendenziell höher (siehe ). Auch beim gewerkschaftlichen Organisationsgrad können institutionelle Rahmenbedingungen eine Rolle spielen. So gehören zum Beispiel die skandinavischen Länder sowie Belgien zum sogenannten Ghent-System. Dieses System beteiligt die Gewerkschaften an der Verwaltung der Arbeitslosenversicherung. Da Gewerkschaftsmitglieder dabei zum Teil bessere Leistungen erhielten, förderte dies auch den gewerkschaftlichen Organisationsgrad. </p><p>Es gibt jedoch auch eine ganze Reihe von Ländern, welche einen hohen GAV-Abdeckungsgrad erzielen, ohne dass sich die Gewerkschaften auf eine grosse Anzahl Mitglieder stützen können. Österreich, Frankreich, Spanien oder die Niederlande gehören in diese Kategorie. Hier sind die länderspezifischen institutionellen Rahmenbedingungen von Interesse. So besteht in Frankreich zum Beispiel für Unternehmen mit mehr als 50 Beschäftigten per Gesetz eine GAV-Verhandlungspflicht. In Österreich müssen die Arbeitgeber Mitglied einer Handelskammer sein, welche sie bei den Kollektivverhandlungen vertritt (Koalitionszwang). Auch die Bedingungen, unter welchen der Staat einen GAV allgemeinverbindlich erklärt, sind je nach Land sehr unterschiedlich. In Spanien und Frankreich können Branchen-GAV auch auf benachbarte Wirtschaftszweige ausgedehnt werden, falls dort keine GAV vorhanden sind. Vergleicht man den Abdeckungsgrad von 50% mit dem Ausland, gilt es diese Besonderheiten zu berücksichtigen. </p><p>
            </p><h2 class="article-subtitle">Trotz sinkendem Organisationsgrad ­stabiler Abdeckungsgrad</h2><p>
                Wie in den meisten Ländern liegt der GAV-Abdeckungsgrad auch in der Schweiz mit 50% deutlich höher als der gewerkschaftliche Organisationsgrad von rund 18%. Dies ist unter anderem darauf zurückzuführen, dass verschiedene GAV allgemeinverbindlich erklärt sind und GAV-Bestimmungen durch die unterstellten Unternehmen in der Regel auch auf Nicht-Gewerkschaftsmitglieder ­Anwendung finden. Wie in  ersichtlich, hat auch in der Schweiz der gewerkschaftlichen Organisationsgrad seit Anfangs der 1990er-Jahre abgenommen. Mit dem ­erwähnten Bedeutungsgewinn der GAV seit Einführung der Personenfreizügigkeit ­verzeichnet die Schweiz jedoch als eines der ­wenigen OECD-Länder mit einem geringen gewerkschaftlichen Organisationsgrad einen stabilen Abdeckungsgrad. Die starke Zunahme der Allgemeinverbindlicherklärung von GAV dürfte dazu einen Beitrag geleistet ­haben.</p><p>Im Kontext der Mindestlohn-Initiative gilt es schliesslich festzuhalten, dass ein hoher Abdeckungsgrad durch GAV nicht automatisch auch einen niedrigen Tieflohnanteil bedeutet. Kollektiv ausgehandelte Mindestlöhne tragen der wirtschaftlichen Situation und Wertschöpfungsstärke einer Branche Rechnung. Je nach Branche und Tätigkeit haben sich die Sozialpartner im Rahmen von GAV-Verhandlungen denn auch schon auf tiefere Mindestlöhne als die von der Mindestlohn-Initiative geforderten 22 Franken geeinigt: zum Beispiel im Gastgewerbe, im Coiffeur- oder im Reinigungsgewerbe. Somit sind auch in Branchen mit guter GAV-Abdeckung relativ hohe Tieflohnanteile möglich.</p><p>
            </p><p>
                    <a href="/graphics/de/201404/07D_Grafik01.eps.gif" rel="lightbox">Grafik 1: «Entwicklung des GAV-Abdeckungsgrades und des gewerkschaftlichen Organisationsgrades, ­Anfang 1990er- bis Ende 2000er-Jahre»</a>
                </p><p>
                    <a href="/graphics/de/201404/07D_Tabelle01.eps.gif" rel="lightbox">Tabelle 1: «Gewerkschaftlicher Organisationsgrad und GAV-Abdeckungsgrad Ende der 2000er-Jahre»</a>
                </p></div>
            <p>
                <a href="/de/editions/201404/pdf/Baumberger_14_17.pdf">Diesen Artikel als PDF herunterladen (PDF, 258KB)</a>
            </p>

]]></content:encoded>
		<excerpt:encoded><![CDATA[]]></excerpt:encoded>
		<wp:post_id>162033</wp:post_id>
		<wp:post_date>2013-05-12 12:30:00</wp:post_date>
		<wp:post_date_gmt>2013-05-12 10:30:00</wp:post_date_gmt>
		<wp:comment_status>open</wp:comment_status>
		<wp:ping_status>open</wp:ping_status>
		<wp:post_name>sks-lanciert-meldeportal-fur-kurzlebige-produkte</wp:post_name>
		<wp:status>future</wp:status>
		<wp:post_parent>0</wp:post_parent>
		<wp:menu_order>0</wp:menu_order>
		<wp:post_type>post</wp:post_type>
		<wp:post_password></wp:post_password>
		<wp:is_sticky>0</wp:is_sticky>
		<category domain="category" nicename="allgemein"><![CDATA[Allgemein]]></category>
		<wp:postmeta>
			<wp:meta_key>_edit_last</wp:meta_key>
			<wp:meta_value><![CDATA[1]]></wp:meta_value>
		</wp:postmeta>
	</item>
</channel>
</rss>
