<?xml version="1.0" encoding="UTF-8" ?>
<!-- This is a WordPress eXtended RSS file generated by WordPress as an export of your site. -->
<!-- It contains information about your site's posts, pages, comments, categories, and other content. -->
<!-- You may use this file to transfer that content from one site to another. -->
<!-- This file is not intended to serve as a complete backup of your site. -->

<!-- To import this information into a WordPress site follow these steps: -->
<!-- 1. Log in to that site as an administrator. -->
<!-- 2. Go to Tools: Import in the WordPress admin panel. -->
<!-- 3. Install the "WordPress" importer from the list. -->
<!-- 4. Activate & Run Importer. -->
<!-- 5. Upload this file using the form provided on that page. -->
<!-- 6. You will first be asked to map the authors in this export file to users -->
<!--    on the site. For each author, you may choose to map to an -->
<!--    existing user on the site or to create a new user. -->
<!-- 7. WordPress will then import each of the posts, pages, comments, categories, etc. -->
<!--    contained in this file into your site. -->

<!-- generator="WordPress/3.5.1" created="2013-05-06 10:55" -->
<rss version="2.0"
	xmlns:excerpt="http://wordpress.org/export/1.2/excerpt/"
	xmlns:content="http://purl.org/rss/1.0/modules/content/"
	xmlns:wfw="http://wellformedweb.org/CommentAPI/"
	xmlns:dc="http://purl.org/dc/elements/1.1/"
	xmlns:wp="http://wordpress.org/export/1.2/"
>

<channel>
	<title>wordpress</title>
	<link>http://wordpress.lo</link>
	<description>Eine weitere WordPress-Seite</description>
	<pubDate>Mon, 06 May 2013 10:55:00 +0000</pubDate>
	<language>de-DE</language>
	<wp:wxr_version>1.2</wp:wxr_version>
	<wp:base_site_url>http://wordpress.lo</wp:base_site_url>
	<wp:base_blog_url>http://wordpress.lo</wp:base_blog_url>

	<wp:author><wp:author_id>1</wp:author_id><wp:author_login>admin</wp:author_login><wp:author_email>wordpress@gassi.tv</wp:author_email><wp:author_display_name><![CDATA[admin]]></wp:author_display_name><wp:author_first_name><![CDATA[]]></wp:author_first_name><wp:author_last_name><![CDATA[]]></wp:author_last_name></wp:author>

	<wp:category><wp:term_id>1</wp:term_id><wp:category_nicename>allgemein</wp:category_nicename><wp:category_parent></wp:category_parent><wp:cat_name><![CDATA[Allgemein]]></wp:cat_name></wp:category>

	<generator>http://wordpress.org/?v=3.5.1</generator>

	<item>
		<title>Hallo Welt!</title>
		<link>http://wordpress.lo/?p=1</link>
		<pubDate>Mon, 06 May 2013 10:52:15 +0000</pubDate>
		<dc:creator>admin</dc:creator>
		<guid isPermaLink="false">http://wordpress.lo/?p=1</guid>
		<description></description>
		<content:encoded><![CDATA[Willkommen zur deutschen Version von WordPress. Dies ist der erste Beitrag. Du kannst ihn bearbeiten oder löschen. Um Spam zu vermeiden, geh doch gleich mal in den Pluginbereich und aktiviere die entsprechenden Plugins. So, und nun genug geschwafelt – jetzt nichts wie ran ans Bloggen!]]></content:encoded>
		<excerpt:encoded><![CDATA[]]></excerpt:encoded>
		<wp:post_id>1</wp:post_id>
		<wp:post_date>2013-05-06 10:52:15</wp:post_date>
		<wp:post_date_gmt>2013-05-06 10:52:15</wp:post_date_gmt>
		<wp:comment_status>open</wp:comment_status>
		<wp:ping_status>open</wp:ping_status>
		<wp:post_name>hallo-welt</wp:post_name>
		<wp:status>publish</wp:status>
		<wp:post_parent>0</wp:post_parent>
		<wp:menu_order>0</wp:menu_order>
		<wp:post_type>post</wp:post_type>
		<wp:post_password></wp:post_password>
		<wp:is_sticky>0</wp:is_sticky>
		<category domain="category" nicename="allgemein"><![CDATA[Allgemein]]></category>
		<wp:comment>
			<wp:comment_id>1</wp:comment_id>
			<wp:comment_author><![CDATA[Mr WordPress]]></wp:comment_author>
			<wp:comment_author_email></wp:comment_author_email>
			<wp:comment_author_url>http://wordpress.org/</wp:comment_author_url>
			<wp:comment_author_IP></wp:comment_author_IP>
			<wp:comment_date>2013-05-06 10:52:15</wp:comment_date>
			<wp:comment_date_gmt>2013-05-06 10:52:15</wp:comment_date_gmt>
			<wp:comment_content><![CDATA[Hi, das ist ein Kommentar.
Um einen Kommentar zu löschen, melde dich einfach an und betrachte die post&#039;s Kommentare. Dort hast du die Möglichkeit sie zu löschen oder zu bearbeiten. ]]></wp:comment_content>
			<wp:comment_approved>1</wp:comment_approved>
			<wp:comment_type></wp:comment_type>
			<wp:comment_parent>0</wp:comment_parent>
			<wp:comment_user_id>0</wp:comment_user_id>
		</wp:comment>
	</item>
	<item>
		<title>Beispiel-Seite</title>
		<link>http://wordpress.lo/?page_id=2</link>
		<pubDate>Mon, 06 May 2013 10:52:15 +0000</pubDate>
		<dc:creator>admin</dc:creator>
		<guid isPermaLink="false">http://wordpress.lo/?page_id=2</guid>
		<description></description>
		<content:encoded><![CDATA[Dies ist ein Beispiel einer statischen Seite. Du kannst sie bearbeiten und beispielsweise Infos über dich oder das Weblog eingeben, damit die Leser wissen, woher du kommst und was du machst. Du kannst entweder beliebig viele Hauptseiten (wie diese hier) oder Unterseiten, die sich in der Hierachiestruktur den Hauptseiten unterordnen, anlegen. Du kannst sie auch alle innerhalb von WordPress ändern und verwalten. Als stolzer Besitzer eines neuen WordPress-Seite, solltest du zur Übersichtsseite, dem <a href="http://wordpress.lo/wp-admin/">Dashboard</a> gehen, diese Seite löschen und damit loslegen, eigene Inhalte zu erstellen. Viel Spaß!]]></content:encoded>
		<excerpt:encoded><![CDATA[]]></excerpt:encoded>
		<wp:post_id>2</wp:post_id>
		<wp:post_date>2013-05-06 10:52:15</wp:post_date>
		<wp:post_date_gmt>2013-05-06 10:52:15</wp:post_date_gmt>
		<wp:comment_status>open</wp:comment_status>
		<wp:ping_status>open</wp:ping_status>
		<wp:post_name>beispiel-seite</wp:post_name>
		<wp:status>publish</wp:status>
		<wp:post_parent>0</wp:post_parent>
		<wp:menu_order>0</wp:menu_order>
		<wp:post_type>page</wp:post_type>
		<wp:post_password></wp:post_password>
		<wp:is_sticky>0</wp:is_sticky>
		<wp:postmeta>
			<wp:meta_key>_wp_page_template</wp:meta_key>
			<wp:meta_value><![CDATA[default]]></wp:meta_value>
		</wp:postmeta>
	</item>
	<item>
		<title>if qwui ehfuiwhe fiwh uieh uweuih uiuiwehfiqu u</title>
		<link>http://wordpress.lo/?p=4</link>
		<pubDate>Mon, 06 May 2013 10:53:09 +0000</pubDate>
		<dc:creator>admin</dc:creator>
		<guid isPermaLink="false">http://wordpress.lo/?p=4</guid>
		<description></description>
		<content:encoded><![CDATA[wqwqui wheufhwe ufhuwef iwehfu whefiuhwuif wehfu whfiuwe fuihw eufiqwehfu

fquiwhsu fausdfiu asufhuiasf uishdiu fashfiu asuiuifhsufhias d

fh uisadhiuf iash uifuiasf uisuf uiwhiufisuafiu m

s fiosah fhios ihafiosfio

sd uifhiushfiu asufias f]]></content:encoded>
		<excerpt:encoded><![CDATA[]]></excerpt:encoded>
		<wp:post_id>4</wp:post_id>
		<wp:post_date>2013-05-06 12:53:09</wp:post_date>
		<wp:post_date_gmt>2013-05-06 10:53:09</wp:post_date_gmt>
		<wp:comment_status>open</wp:comment_status>
		<wp:ping_status>open</wp:ping_status>
		<wp:post_name>if-qwui-ehfuiwhe-fiwh-uieh-uweuih-uiuiwehfiqu-u</wp:post_name>
		<wp:status>publish</wp:status>
		<wp:post_parent>0</wp:post_parent>
		<wp:menu_order>0</wp:menu_order>
		<wp:post_type>post</wp:post_type>
		<wp:post_password></wp:post_password>
		<wp:is_sticky>0</wp:is_sticky>
		<category domain="category" nicename="allgemein"><![CDATA[Allgemein]]></category>
		<wp:postmeta>
			<wp:meta_key>_edit_last</wp:meta_key>
			<wp:meta_value><![CDATA[1]]></wp:meta_value>
		</wp:postmeta>
		<wp:comment>
			<wp:comment_id>2</wp:comment_id>
			<wp:comment_author><![CDATA[admin]]></wp:comment_author>
			<wp:comment_author_email>wordpress@gassi.tv</wp:comment_author_email>
			<wp:comment_author_url></wp:comment_author_url>
			<wp:comment_author_IP>127.0.0.1</wp:comment_author_IP>
			<wp:comment_date>2013-05-06 12:53:50</wp:comment_date>
			<wp:comment_date_gmt>2013-05-06 10:53:50</wp:comment_date_gmt>
			<wp:comment_content><![CDATA[dsg sdgfsdgs fgsd fgsf sfdg fdgsd gdsf ds gs fgsfd sfgsdf gsdf gsdfg]]></wp:comment_content>
			<wp:comment_approved>1</wp:comment_approved>
			<wp:comment_type></wp:comment_type>
			<wp:comment_parent>0</wp:comment_parent>
			<wp:comment_user_id>1</wp:comment_user_id>
		</wp:comment>
		<wp:comment>
			<wp:comment_id>3</wp:comment_id>
			<wp:comment_author><![CDATA[admin]]></wp:comment_author>
			<wp:comment_author_email>wordpress@gassi.tv</wp:comment_author_email>
			<wp:comment_author_url></wp:comment_author_url>
			<wp:comment_author_IP>127.0.0.1</wp:comment_author_IP>
			<wp:comment_date>2013-05-06 12:54:00</wp:comment_date>
			<wp:comment_date_gmt>2013-05-06 10:54:00</wp:comment_date_gmt>
			<wp:comment_content><![CDATA[s dfg dfg sdf gs gs]]></wp:comment_content>
			<wp:comment_approved>1</wp:comment_approved>
			<wp:comment_type></wp:comment_type>
			<wp:comment_parent>2</wp:comment_parent>
			<wp:comment_user_id>1</wp:comment_user_id>
		</wp:comment>
		<wp:comment>
			<wp:comment_id>4</wp:comment_id>
			<wp:comment_author><![CDATA[admin]]></wp:comment_author>
			<wp:comment_author_email>wordpress@gassi.tv</wp:comment_author_email>
			<wp:comment_author_url></wp:comment_author_url>
			<wp:comment_author_IP>127.0.0.1</wp:comment_author_IP>
			<wp:comment_date>2013-05-06 12:54:08</wp:comment_date>
			<wp:comment_date_gmt>2013-05-06 10:54:08</wp:comment_date_gmt>
			<wp:comment_content><![CDATA[sdfgsd fgsd gsdfg s g]]></wp:comment_content>
			<wp:comment_approved>1</wp:comment_approved>
			<wp:comment_type></wp:comment_type>
			<wp:comment_parent>0</wp:comment_parent>
			<wp:comment_user_id>1</wp:comment_user_id>
		</wp:comment>
	</item>
</channel>p
</rss>
